BEGIN TRANSACTION;
CREATE TABLE accessories_details (
        device_id INTEGER NOT NULL,
        with_rf_switch BOOLEAN,
        device_id_desc CHAR(2) CHECK(device_id_desc IN ('VM', 'HM', 'CE', 'AC', 'PE')) NOT NULL,
        hardware_extension VARCHAR(10) CHECK(hardware_extension IN ('17 cm', '5 inch', '1-2 feet',
        '2-4 feet', '3-6 feet', '4-8 feet', '5-10 feet', 'none')) NULL,
        camera VARCHAR(10) CHECK(camera IN ('PiCam_V1', 'PiCam_V2', 'FE_H', 'FE_I', 'FE_J')) NULL,
        case_color CHAR(5) CHECK(case_color IN ('black', 'white')) NOT NULL,
        case_size CHAR(5) CHECK(case_size IN ('small', 'large')) NOT NULL,
        microphone CHAR(3) CHECK(microphone IN ('mic', 'none')) NULL,
        FOREIGN KEY(device_id) REFERENCES device_details(device_id)
        );
INSERT IGNORE INTO `instore_ai_devices`.`accessories_details` (`device_id`,`with_rf_switch`,`device_id_desc`,`hardware_extension`,`camera`,`case_color`,`case_size`,`microphone`) VALUES(202481593988662,0,'VM','none','PiCam_V2','white','large','none');
INSERT IGNORE INTO `instore_ai_devices`.`accessories_details` (`device_id`,`with_rf_switch`,`device_id_desc`,`hardware_extension`,`camera`,`case_color`,`case_size`,`microphone`) VALUES(202481593964675,0,'VM','none','PiCam_V2','white','large','none');
INSERT IGNORE INTO `instore_ai_devices`.`accessories_details` (`device_id`,`with_rf_switch`,`device_id_desc`,`hardware_extension`,`camera`,`case_color`,`case_size`,`microphone`) VALUES(202481592301948,0,'VM','none','PiCam_V2','white','large','none');
INSERT IGNORE INTO `instore_ai_devices`.`accessories_details` (`device_id`,`with_rf_switch`,`device_id_desc`,`hardware_extension`,`camera`,`case_color`,`case_size`,`microphone`) VALUES(202481597741315,0,'VM','none','PiCam_V2','white','large','none');
INSERT IGNORE INTO `instore_ai_devices`.`accessories_details` (`device_id`,`with_rf_switch`,`device_id_desc`,`hardware_extension`,`camera`,`case_color`,`case_size`,`microphone`) VALUES(202481595096314,0,'VM','none','PiCam_V2','white','large','none');
INSERT IGNORE INTO `instore_ai_devices`.`accessories_details` (`device_id`,`with_rf_switch`,`device_id_desc`,`hardware_extension`,`camera`,`case_color`,`case_size`,`microphone`) VALUES(202481601638864,0,'VM','none','PiCam_V2','white','large','none');
INSERT IGNORE INTO `instore_ai_devices`.`accessories_details` (`device_id`,`with_rf_switch`,`device_id_desc`,`hardware_extension`,`camera`,`case_color`,`case_size`,`microphone`) VALUES(202481588309075,0,'VM','none','PiCam_V2','white','large','none');
INSERT IGNORE INTO `instore_ai_devices`.`accessories_details` (`device_id`,`with_rf_switch`,`device_id_desc`,`hardware_extension`,`camera`,`case_color`,`case_size`,`microphone`) VALUES(202481588983570,0,'VM','none','PiCam_V2','white','large','none');
INSERT IGNORE INTO `instore_ai_devices`.`accessories_details` (`device_id`,`with_rf_switch`,`device_id_desc`,`hardware_extension`,`camera`,`case_color`,`case_size`,`microphone`) VALUES(202481586652596,0,'VM','none','PiCam_V2','white','large','none');
INSERT IGNORE INTO `instore_ai_devices`.`accessories_details` (`device_id`,`with_rf_switch`,`device_id_desc`,`hardware_extension`,`camera`,`case_color`,`case_size`,`microphone`) VALUES(202481601387337,0,'VM','none','PiCam_V2','white','large','none');
INSERT IGNORE INTO `instore_ai_devices`.`accessories_details` (`device_id`,`with_rf_switch`,`device_id_desc`,`hardware_extension`,`camera`,`case_color`,`case_size`,`microphone`) VALUES(202481600884600,0,'VM','none','PiCam_V2','white','large','none');
INSERT IGNORE INTO `instore_ai_devices`.`accessories_details` (`device_id`,`with_rf_switch`,`device_id_desc`,`hardware_extension`,`camera`,`case_color`,`case_size`,`microphone`) VALUES(202481594046242,0,'VM','none','PiCam_V2','white','large','none');
INSERT IGNORE INTO `instore_ai_devices`.`accessories_details` (`device_id`,`with_rf_switch`,`device_id_desc`,`hardware_extension`,`camera`,`case_color`,`case_size`,`microphone`) VALUES(202481591875018,0,'VM','none','PiCam_V2','white','large','none');
INSERT IGNORE INTO `instore_ai_devices`.`accessories_details` (`device_id`,`with_rf_switch`,`device_id_desc`,`hardware_extension`,`camera`,`case_color`,`case_size`,`microphone`) VALUES(202481596190623,0,'VM','none','PiCam_V2','white','large','none');
INSERT IGNORE INTO `instore_ai_devices`.`accessories_details` (`device_id`,`with_rf_switch`,`device_id_desc`,`hardware_extension`,`camera`,`case_color`,`case_size`,`microphone`) VALUES(202481589486190,1,'VM','none','PiCam_V2','white','large','none');
INSERT IGNORE INTO `instore_ai_devices`.`accessories_details` (`device_id`,`with_rf_switch`,`device_id_desc`,`hardware_extension`,`camera`,`case_color`,`case_size`,`microphone`) VALUES(202481593806486,0,'VM','none','PiCam_V2','white','large','none');
INSERT IGNORE INTO `instore_ai_devices`.`accessories_details` (`device_id`,`with_rf_switch`,`device_id_desc`,`hardware_extension`,`camera`,`case_color`,`case_size`,`microphone`) VALUES(202481600473874,0,'VM','none','PiCam_V2','white','large','none');
INSERT IGNORE INTO `instore_ai_devices`.`accessories_details` (`device_id`,`with_rf_switch`,`device_id_desc`,`hardware_extension`,`camera`,`case_color`,`case_size`,`microphone`) VALUES(202481591025358,0,'VM','none','PiCam_V2','white','large','none');
INSERT IGNORE INTO `instore_ai_devices`.`accessories_details` (`device_id`,`with_rf_switch`,`device_id_desc`,`hardware_extension`,`camera`,`case_color`,`case_size`,`microphone`) VALUES(202481597312388,0,'VM','none','PiCam_V2','white','large','none');
INSERT IGNORE INTO `instore_ai_devices`.`accessories_details` (`device_id`,`with_rf_switch`,`device_id_desc`,`hardware_extension`,`camera`,`case_color`,`case_size`,`microphone`) VALUES(202481595445089,0,'VM','none','PiCam_V2','white','large','none');
INSERT IGNORE INTO `instore_ai_devices`.`accessories_details` (`device_id`,`with_rf_switch`,`device_id_desc`,`hardware_extension`,`camera`,`case_color`,`case_size`,`microphone`) VALUES(202481601737952,0,'VM','none','PiCam_V2','white','large','none');
INSERT IGNORE INTO `instore_ai_devices`.`accessories_details` (`device_id`,`with_rf_switch`,`device_id_desc`,`hardware_extension`,`camera`,`case_color`,`case_size`,`microphone`) VALUES(202481590551039,0,'VM','none','PiCam_V2','white','large','none');
INSERT IGNORE INTO `instore_ai_devices`.`accessories_details` (`device_id`,`with_rf_switch`,`device_id_desc`,`hardware_extension`,`camera`,`case_color`,`case_size`,`microphone`) VALUES(202481593583630,0,'VM','none','PiCam_V2','white','large','none');
INSERT IGNORE INTO `instore_ai_devices`.`accessories_details` (`device_id`,`with_rf_switch`,`device_id_desc`,`hardware_extension`,`camera`,`case_color`,`case_size`,`microphone`) VALUES(202481590616504,0,'VM','none','PiCam_V2','white','large','none');
INSERT IGNORE INTO `instore_ai_devices`.`accessories_details` (`device_id`,`with_rf_switch`,`device_id_desc`,`hardware_extension`,`camera`,`case_color`,`case_size`,`microphone`) VALUES(202481599579913,0,'VM','none','PiCam_V2','white','large','none');
INSERT IGNORE INTO `instore_ai_devices`.`accessories_details` (`device_id`,`with_rf_switch`,`device_id_desc`,`hardware_extension`,`camera`,`case_color`,`case_size`,`microphone`) VALUES(202481601839667,0,'VM','none','PiCam_V2','white','large','none');
INSERT IGNORE INTO `instore_ai_devices`.`accessories_details` (`device_id`,`with_rf_switch`,`device_id_desc`,`hardware_extension`,`camera`,`case_color`,`case_size`,`microphone`) VALUES(202481598634548,0,'VM','none','PiCam_V2','white','large','none');
INSERT IGNORE INTO `instore_ai_devices`.`accessories_details` (`device_id`,`with_rf_switch`,`device_id_desc`,`hardware_extension`,`camera`,`case_color`,`case_size`,`microphone`) VALUES(202481599560575,0,'VM','none','PiCam_V2','white','large','none');
INSERT IGNORE INTO `instore_ai_devices`.`accessories_details` (`device_id`,`with_rf_switch`,`device_id_desc`,`hardware_extension`,`camera`,`case_color`,`case_size`,`microphone`) VALUES(202481598090540,0,'VM','none','PiCam_V2','white','large','none');
INSERT IGNORE INTO `instore_ai_devices`.`accessories_details` (`device_id`,`with_rf_switch`,`device_id_desc`,`hardware_extension`,`camera`,`case_color`,`case_size`,`microphone`) VALUES(202481593140662,0,'VM','none','PiCam_V2','white','large','none');
INSERT IGNORE INTO `instore_ai_devices`.`accessories_details` (`device_id`,`with_rf_switch`,`device_id_desc`,`hardware_extension`,`camera`,`case_color`,`case_size`,`microphone`) VALUES(202481600653992,0,'VM','none','PiCam_V2','white','large','none');
INSERT IGNORE INTO `instore_ai_devices`.`accessories_details` (`device_id`,`with_rf_switch`,`device_id_desc`,`hardware_extension`,`camera`,`case_color`,`case_size`,`microphone`) VALUES(202481588874946,0,'VM','none','PiCam_V2','white','large','none');
INSERT IGNORE INTO `instore_ai_devices`.`accessories_details` (`device_id`,`with_rf_switch`,`device_id_desc`,`hardware_extension`,`camera`,`case_color`,`case_size`,`microphone`) VALUES(202481588230240,0,'VM','none','PiCam_V2','white','large','none');
INSERT IGNORE INTO `instore_ai_devices`.`accessories_details` (`device_id`,`with_rf_switch`,`device_id_desc`,`hardware_extension`,`camera`,`case_color`,`case_size`,`microphone`) VALUES(202481597004467,0,'VM','none','PiCam_V2','white','large','none');
INSERT IGNORE INTO `instore_ai_devices`.`accessories_details` (`device_id`,`with_rf_switch`,`device_id_desc`,`hardware_extension`,`camera`,`case_color`,`case_size`,`microphone`) VALUES(202481593175234,0,'VM','none','PiCam_V2','white','large','none');
INSERT IGNORE INTO `instore_ai_devices`.`accessories_details` (`device_id`,`with_rf_switch`,`device_id_desc`,`hardware_extension`,`camera`,`case_color`,`case_size`,`microphone`) VALUES(202481600860178,0,'VM','none','PiCam_V2','white','large','none');
INSERT IGNORE INTO `instore_ai_devices`.`accessories_details` (`device_id`,`with_rf_switch`,`device_id_desc`,`hardware_extension`,`camera`,`case_color`,`case_size`,`microphone`) VALUES(202481594332751,0,'VM','none','PiCam_V2','white','large','none');
INSERT IGNORE INTO `instore_ai_devices`.`accessories_details` (`device_id`,`with_rf_switch`,`device_id_desc`,`hardware_extension`,`camera`,`case_color`,`case_size`,`microphone`) VALUES(202481592977984,0,'VM','none','PiCam_V2','white','large','none');
INSERT IGNORE INTO `instore_ai_devices`.`accessories_details` (`device_id`,`with_rf_switch`,`device_id_desc`,`hardware_extension`,`camera`,`case_color`,`case_size`,`microphone`) VALUES(202481588811631,0,'VM','none','PiCam_V2','white','large','none');
INSERT IGNORE INTO `instore_ai_devices`.`accessories_details` (`device_id`,`with_rf_switch`,`device_id_desc`,`hardware_extension`,`camera`,`case_color`,`case_size`,`microphone`) VALUES(202481588877053,0,'VM','none','PiCam_V2','white','large','none');
INSERT IGNORE INTO `instore_ai_devices`.`accessories_details` (`device_id`,`with_rf_switch`,`device_id_desc`,`hardware_extension`,`camera`,`case_color`,`case_size`,`microphone`) VALUES(202481595185461,0,'VM','none','PiCam_V2','white','large','none');
INSERT IGNORE INTO `instore_ai_devices`.`accessories_details` (`device_id`,`with_rf_switch`,`device_id_desc`,`hardware_extension`,`camera`,`case_color`,`case_size`,`microphone`) VALUES(202481587297622,0,'VM','none','PiCam_V2','white','large','none');
INSERT IGNORE INTO `instore_ai_devices`.`accessories_details` (`device_id`,`with_rf_switch`,`device_id_desc`,`hardware_extension`,`camera`,`case_color`,`case_size`,`microphone`) VALUES(202481589259116,0,'VM','none','PiCam_V2','white','large','none');
INSERT IGNORE INTO `instore_ai_devices`.`accessories_details` (`device_id`,`with_rf_switch`,`device_id_desc`,`hardware_extension`,`camera`,`case_color`,`case_size`,`microphone`) VALUES(202481596157137,0,'VM','none','PiCam_V2','white','large','none');
INSERT IGNORE INTO `instore_ai_devices`.`accessories_details` (`device_id`,`with_rf_switch`,`device_id_desc`,`hardware_extension`,`camera`,`case_color`,`case_size`,`microphone`) VALUES(202481600095727,0,'VM','none','PiCam_V2','white','large','none');
INSERT IGNORE INTO `instore_ai_devices`.`accessories_details` (`device_id`,`with_rf_switch`,`device_id_desc`,`hardware_extension`,`camera`,`case_color`,`case_size`,`microphone`) VALUES(202481596399858,0,'VM','none','PiCam_V2','white','large','none');
INSERT IGNORE INTO `instore_ai_devices`.`accessories_details` (`device_id`,`with_rf_switch`,`device_id_desc`,`hardware_extension`,`camera`,`case_color`,`case_size`,`microphone`) VALUES(202481589413344,0,'VM','none','PiCam_V2','white','large','none');
INSERT IGNORE INTO `instore_ai_devices`.`accessories_details` (`device_id`,`with_rf_switch`,`device_id_desc`,`hardware_extension`,`camera`,`case_color`,`case_size`,`microphone`) VALUES(202481586064501,0,'VM','none','PiCam_V2','white','large','none');
INSERT IGNORE INTO `instore_ai_devices`.`accessories_details` (`device_id`,`with_rf_switch`,`device_id_desc`,`hardware_extension`,`camera`,`case_color`,`case_size`,`microphone`) VALUES(202481590791215,0,'VM','none','PiCam_V2','white','large','none');
INSERT IGNORE INTO `instore_ai_devices`.`accessories_details` (`device_id`,`with_rf_switch`,`device_id_desc`,`hardware_extension`,`camera`,`case_color`,`case_size`,`microphone`) VALUES(202481600443145,0,'VM','none','PiCam_V2','white','large','none');
INSERT IGNORE INTO `instore_ai_devices`.`accessories_details` (`device_id`,`with_rf_switch`,`device_id_desc`,`hardware_extension`,`camera`,`case_color`,`case_size`,`microphone`) VALUES(202481598103795,0,'VM','none','PiCam_V2','white','large','none');
INSERT IGNORE INTO `instore_ai_devices`.`accessories_details` (`device_id`,`with_rf_switch`,`device_id_desc`,`hardware_extension`,`camera`,`case_color`,`case_size`,`microphone`) VALUES(202481598034692,0,'VM','none','PiCam_V2','white','large','none');
INSERT IGNORE INTO `instore_ai_devices`.`accessories_details` (`device_id`,`with_rf_switch`,`device_id_desc`,`hardware_extension`,`camera`,`case_color`,`case_size`,`microphone`) VALUES(202481591691451,0,'VM','none','PiCam_V2','white','large','none');
INSERT IGNORE INTO `instore_ai_devices`.`accessories_details` (`device_id`,`with_rf_switch`,`device_id_desc`,`hardware_extension`,`camera`,`case_color`,`case_size`,`microphone`) VALUES(202481598513110,0,'VM','none','PiCam_V2','white','large','none');
INSERT IGNORE INTO `instore_ai_devices`.`accessories_details` (`device_id`,`with_rf_switch`,`device_id_desc`,`hardware_extension`,`camera`,`case_color`,`case_size`,`microphone`) VALUES(202481599203755,0,'VM','none','PiCam_V2','white','large','none');
INSERT IGNORE INTO `instore_ai_devices`.`accessories_details` (`device_id`,`with_rf_switch`,`device_id_desc`,`hardware_extension`,`camera`,`case_color`,`case_size`,`microphone`) VALUES(202481597229456,0,'VM','none','PiCam_V2','white','large','none');
INSERT IGNORE INTO `instore_ai_devices`.`accessories_details` (`device_id`,`with_rf_switch`,`device_id_desc`,`hardware_extension`,`camera`,`case_color`,`case_size`,`microphone`) VALUES(202481589189718,0,'VM','none','PiCam_V2','white','large','none');
INSERT IGNORE INTO `instore_ai_devices`.`accessories_details` (`device_id`,`with_rf_switch`,`device_id_desc`,`hardware_extension`,`camera`,`case_color`,`case_size`,`microphone`) VALUES(202481602021654,0,'VM','none','PiCam_V2','white','large','none');
INSERT IGNORE INTO `instore_ai_devices`.`accessories_details` (`device_id`,`with_rf_switch`,`device_id_desc`,`hardware_extension`,`camera`,`case_color`,`case_size`,`microphone`) VALUES(202481602227034,0,'VM','none','PiCam_V2','white','large','none');
INSERT IGNORE INTO `instore_ai_devices`.`accessories_details` (`device_id`,`with_rf_switch`,`device_id_desc`,`hardware_extension`,`camera`,`case_color`,`case_size`,`microphone`) VALUES(202481590404754,0,'VM','none','PiCam_V2','white','large','none');
INSERT IGNORE INTO `instore_ai_devices`.`accessories_details` (`device_id`,`with_rf_switch`,`device_id_desc`,`hardware_extension`,`camera`,`case_color`,`case_size`,`microphone`) VALUES(202481598637375,0,'VM','none','PiCam_V2','white','large','none');
INSERT IGNORE INTO `instore_ai_devices`.`accessories_details` (`device_id`,`with_rf_switch`,`device_id_desc`,`hardware_extension`,`camera`,`case_color`,`case_size`,`microphone`) VALUES(202481602636120,0,'VM','none','PiCam_V2','white','large','none');
INSERT IGNORE INTO `instore_ai_devices`.`accessories_details` (`device_id`,`with_rf_switch`,`device_id_desc`,`hardware_extension`,`camera`,`case_color`,`case_size`,`microphone`) VALUES(202481599230998,0,'VM','none','PiCam_V2','white','large','none');
INSERT IGNORE INTO `instore_ai_devices`.`accessories_details` (`device_id`,`with_rf_switch`,`device_id_desc`,`hardware_extension`,`camera`,`case_color`,`case_size`,`microphone`) VALUES(202481589577463,0,'VM','none','PiCam_V2','white','large','none');
INSERT IGNORE INTO `instore_ai_devices`.`accessories_details` (`device_id`,`with_rf_switch`,`device_id_desc`,`hardware_extension`,`camera`,`case_color`,`case_size`,`microphone`) VALUES(202481600524127,0,'VM','none','PiCam_V2','white','large','none');
INSERT IGNORE INTO `instore_ai_devices`.`accessories_details` (`device_id`,`with_rf_switch`,`device_id_desc`,`hardware_extension`,`camera`,`case_color`,`case_size`,`microphone`) VALUES(202481599268024,0,'VM','none','PiCam_V2','white','large','none');
INSERT IGNORE INTO `instore_ai_devices`.`accessories_details` (`device_id`,`with_rf_switch`,`device_id_desc`,`hardware_extension`,`camera`,`case_color`,`case_size`,`microphone`) VALUES(202481594677733,0,'VM','none','PiCam_V2','white','large','none');
INSERT IGNORE INTO `instore_ai_devices`.`accessories_details` (`device_id`,`with_rf_switch`,`device_id_desc`,`hardware_extension`,`camera`,`case_color`,`case_size`,`microphone`) VALUES(202481591775681,0,'VM','none','PiCam_V2','white','large','none');
INSERT IGNORE INTO `instore_ai_devices`.`accessories_details` (`device_id`,`with_rf_switch`,`device_id_desc`,`hardware_extension`,`camera`,`case_color`,`case_size`,`microphone`) VALUES(202481599026961,0,'VM','none','PiCam_V2','white','large','none');
INSERT IGNORE INTO `instore_ai_devices`.`accessories_details` (`device_id`,`with_rf_switch`,`device_id_desc`,`hardware_extension`,`camera`,`case_color`,`case_size`,`microphone`) VALUES(202481590583567,0,'VM','none','PiCam_V2','white','large','none');
INSERT IGNORE INTO `instore_ai_devices`.`accessories_details` (`device_id`,`with_rf_switch`,`device_id_desc`,`hardware_extension`,`camera`,`case_color`,`case_size`,`microphone`) VALUES(202481599057206,0,'VM','none','PiCam_V2','white','large','none');
INSERT IGNORE INTO `instore_ai_devices`.`accessories_details` (`device_id`,`with_rf_switch`,`device_id_desc`,`hardware_extension`,`camera`,`case_color`,`case_size`,`microphone`) VALUES(202481598838237,0,'VM','none','PiCam_V2','white','large','none');
INSERT IGNORE INTO `instore_ai_devices`.`accessories_details` (`device_id`,`with_rf_switch`,`device_id_desc`,`hardware_extension`,`camera`,`case_color`,`case_size`,`microphone`) VALUES(202481593239859,0,'VM','none','PiCam_V2','white','large','none');
INSERT IGNORE INTO `instore_ai_devices`.`accessories_details` (`device_id`,`with_rf_switch`,`device_id_desc`,`hardware_extension`,`camera`,`case_color`,`case_size`,`microphone`) VALUES(202481599840297,0,'VM','none','PiCam_V2','white','large','none');
INSERT IGNORE INTO `instore_ai_devices`.`accessories_details` (`device_id`,`with_rf_switch`,`device_id_desc`,`hardware_extension`,`camera`,`case_color`,`case_size`,`microphone`) VALUES(202481587568737,0,'VM','none','PiCam_V2','white','large','none');
INSERT IGNORE INTO `instore_ai_devices`.`accessories_details` (`device_id`,`with_rf_switch`,`device_id_desc`,`hardware_extension`,`camera`,`case_color`,`case_size`,`microphone`) VALUES(202481601536655,0,'VM','none','PiCam_V2','white','large','none');
INSERT IGNORE INTO `instore_ai_devices`.`accessories_details` (`device_id`,`with_rf_switch`,`device_id_desc`,`hardware_extension`,`camera`,`case_color`,`case_size`,`microphone`) VALUES(202481595119898,0,'VM','none','PiCam_V2','white','large','none');
INSERT IGNORE INTO `instore_ai_devices`.`accessories_details` (`device_id`,`with_rf_switch`,`device_id_desc`,`hardware_extension`,`camera`,`case_color`,`case_size`,`microphone`) VALUES(202481595265270,0,'VM','none','PiCam_V2','white','large','none');
INSERT IGNORE INTO `instore_ai_devices`.`accessories_details` (`device_id`,`with_rf_switch`,`device_id_desc`,`hardware_extension`,`camera`,`case_color`,`case_size`,`microphone`) VALUES(202481594810361,0,'VM','none','PiCam_V2','white','large','none');
INSERT IGNORE INTO `instore_ai_devices`.`accessories_details` (`device_id`,`with_rf_switch`,`device_id_desc`,`hardware_extension`,`camera`,`case_color`,`case_size`,`microphone`) VALUES(202481602654914,0,'VM','none','PiCam_V2','white','large','none');
INSERT IGNORE INTO `instore_ai_devices`.`accessories_details` (`device_id`,`with_rf_switch`,`device_id_desc`,`hardware_extension`,`camera`,`case_color`,`case_size`,`microphone`) VALUES(202481592694725,0,'VM','none','PiCam_V2','white','large','none');
INSERT IGNORE INTO `instore_ai_devices`.`accessories_details` (`device_id`,`with_rf_switch`,`device_id_desc`,`hardware_extension`,`camera`,`case_color`,`case_size`,`microphone`) VALUES(202481600078659,0,'VM','none','PiCam_V2','white','large','none');
INSERT IGNORE INTO `instore_ai_devices`.`accessories_details` (`device_id`,`with_rf_switch`,`device_id_desc`,`hardware_extension`,`camera`,`case_color`,`case_size`,`microphone`) VALUES(202481587084920,0,'VM','none','PiCam_V2','white','large','none');
INSERT IGNORE INTO `instore_ai_devices`.`accessories_details` (`device_id`,`with_rf_switch`,`device_id_desc`,`hardware_extension`,`camera`,`case_color`,`case_size`,`microphone`) VALUES(202481590205806,0,'VM','none','PiCam_V2','white','large','none');
INSERT IGNORE INTO `instore_ai_devices`.`accessories_details` (`device_id`,`with_rf_switch`,`device_id_desc`,`hardware_extension`,`camera`,`case_color`,`case_size`,`microphone`) VALUES(202481600449103,0,'VM','none','PiCam_V2','white','large','none');
INSERT IGNORE INTO `instore_ai_devices`.`accessories_details` (`device_id`,`with_rf_switch`,`device_id_desc`,`hardware_extension`,`camera`,`case_color`,`case_size`,`microphone`) VALUES(202481590610223,0,'VM','none','PiCam_V2','white','large','none');
INSERT IGNORE INTO `instore_ai_devices`.`accessories_details` (`device_id`,`with_rf_switch`,`device_id_desc`,`hardware_extension`,`camera`,`case_color`,`case_size`,`microphone`) VALUES(202481596470820,0,'VM','none','PiCam_V2','white','large','none');
INSERT IGNORE INTO `instore_ai_devices`.`accessories_details` (`device_id`,`with_rf_switch`,`device_id_desc`,`hardware_extension`,`camera`,`case_color`,`case_size`,`microphone`) VALUES(202481589002827,0,'VM','none','PiCam_V2','white','large','none');
INSERT IGNORE INTO `instore_ai_devices`.`accessories_details` (`device_id`,`with_rf_switch`,`device_id_desc`,`hardware_extension`,`camera`,`case_color`,`case_size`,`microphone`) VALUES(202481598814694,0,'VM','none','PiCam_V2','white','large','none');
INSERT IGNORE INTO `instore_ai_devices`.`accessories_details` (`device_id`,`with_rf_switch`,`device_id_desc`,`hardware_extension`,`camera`,`case_color`,`case_size`,`microphone`) VALUES(202481588815963,0,'VM','none','PiCam_V2','white','large','none');
INSERT IGNORE INTO `instore_ai_devices`.`accessories_details` (`device_id`,`with_rf_switch`,`device_id_desc`,`hardware_extension`,`camera`,`case_color`,`case_size`,`microphone`) VALUES(202481602426122,0,'VM','none','PiCam_V2','white','large','none');
INSERT IGNORE INTO `instore_ai_devices`.`accessories_details` (`device_id`,`with_rf_switch`,`device_id_desc`,`hardware_extension`,`camera`,`case_color`,`case_size`,`microphone`) VALUES(202481599579980,0,'VM','none','PiCam_V2','white','large','none');
INSERT IGNORE INTO `instore_ai_devices`.`accessories_details` (`device_id`,`with_rf_switch`,`device_id_desc`,`hardware_extension`,`camera`,`case_color`,`case_size`,`microphone`) VALUES(202481595721155,0,'VM','none','PiCam_V2','white','large','none');
CREATE TABLE device_details (
        device_id INTEGER PRIMARY KEY,
        lan_mac_id VARCHAR(50),
        wifi_mac_id VARCHAR(50),
        po VARCHAR(50), 
        processor VARCHAR(15) CHECK(processor IN ('RaspberryPi_3B', 'RaspberryPi_3B+', 'Intel_i7', 'Tinker', 'Odroid')) NOT NULL
        );
INSERT IGNORE INTO `instore_ai_devices`.`device_details` (`device_id`, `lan_mac_id`, `wifi_mac_id`, `po`, `processor`) VALUES(202481586064501,NULL,NULL,NULL,'RaspberryPi_3B');
INSERT IGNORE INTO `instore_ai_devices`.`device_details` (`device_id`, `lan_mac_id`, `wifi_mac_id`, `po`, `processor`) VALUES(202481586652596,'b8:27:eb:0b:c5:b4','b8:27:eb:5e:90:e1',NULL,'RaspberryPi_3B');
INSERT IGNORE INTO `instore_ai_devices`.`device_details` (`device_id`, `lan_mac_id`, `wifi_mac_id`, `po`, `processor`) VALUES(202481587084920,'b8:27:eb:12:5e:78','b8:27:eb:47:0b:2d',NULL,'RaspberryPi_3B');
INSERT IGNORE INTO `instore_ai_devices`.`device_details` (`device_id`, `lan_mac_id`, `wifi_mac_id`, `po`, `processor`) VALUES(202481587297622,'b8:27:eb:15:9d:56','b8:27:eb:40:c8:03',NULL,'RaspberryPi_3B');
INSERT IGNORE INTO `instore_ai_devices`.`device_details` (`device_id`, `lan_mac_id`, `wifi_mac_id`, `po`, `processor`) VALUES(202481587568737,'b8:27:eb:19:c0:61','b8:27:eb:4c:95:34',NULL,'RaspberryPi_3B');
INSERT IGNORE INTO `instore_ai_devices`.`device_details` (`device_id`, `lan_mac_id`, `wifi_mac_id`, `po`, `processor`) VALUES(202481588230240,'b8:27:eb:23:d8:60','b8:27:eb:76:8d:35',NULL,'RaspberryPi_3B');
INSERT IGNORE INTO `instore_ai_devices`.`device_details` (`device_id`, `lan_mac_id`, `wifi_mac_id`, `po`, `processor`) VALUES(202481588309075,NULL,NULL,NULL,'RaspberryPi_3B');
INSERT IGNORE INTO `instore_ai_devices`.`device_details` (`device_id`, `lan_mac_id`, `wifi_mac_id`, `po`, `processor`) VALUES(202481588811631,'b8:27:eb:2c:b7:6f','b8:27:eb:79:e2:3a',NULL,'RaspberryPi_3B');
INSERT IGNORE INTO `instore_ai_devices`.`device_details` (`device_id`, `lan_mac_id`, `wifi_mac_id`, `po`, `processor`) VALUES(202481588815963,'b8:27:eb:2c:c8:5b','b8:27:eb:79:9d:0e',NULL,'RaspberryPi_3B');
INSERT IGNORE INTO `instore_ai_devices`.`device_details` (`device_id`, `lan_mac_id`, `wifi_mac_id`, `po`, `processor`) VALUES(202481588874946,'b8:27:eb:2d:ae:c2','b8:27:eb:78:fb:97',NULL,'RaspberryPi_3B');
INSERT IGNORE INTO `instore_ai_devices`.`device_details` (`device_id`, `lan_mac_id`, `wifi_mac_id`, `po`, `processor`) VALUES(202481588877053,'b8:27:eb:2d:b6:fd','b8:27:eb:78:e3:a8',NULL,'RaspberryPi_3B');
INSERT IGNORE INTO `instore_ai_devices`.`device_details` (`device_id`, `lan_mac_id`, `wifi_mac_id`, `po`, `processor`) VALUES(202481588983570,'b8:27:eb:2f:57:12','b8:27:eb:7a:02:47',NULL,'RaspberryPi_3B');
INSERT IGNORE INTO `instore_ai_devices`.`device_details` (`device_id`, `lan_mac_id`, `wifi_mac_id`, `po`, `processor`) VALUES(202481589002827,'b8:27:eb:2f:a2:4b','b8:27:eb:7a:f7:1e',NULL,'RaspberryPi_3B');
INSERT IGNORE INTO `instore_ai_devices`.`device_details` (`device_id`, `lan_mac_id`, `wifi_mac_id`, `po`, `processor`) VALUES(202481589189718,'b8:27:eb:32:7c:56','b8:27:eb:67:29:03',NULL,'RaspberryPi_3B');
INSERT IGNORE INTO `instore_ai_devices`.`device_details` (`device_id`, `lan_mac_id`, `wifi_mac_id`, `po`, `processor`) VALUES(202481589259116,'b8:27:eb:33:8b:6c','b8:27:eb:66:de:39',NULL,'RaspberryPi_3B');
INSERT IGNORE INTO `instore_ai_devices`.`device_details` (`device_id`, `lan_mac_id`, `wifi_mac_id`, `po`, `processor`) VALUES(202481589413344,'b8:27:eb:35:e5:e0','b8:27:eb:60:b0:b5',NULL,'RaspberryPi_3B');
INSERT IGNORE INTO `instore_ai_devices`.`device_details` (`device_id`, `lan_mac_id`, `wifi_mac_id`, `po`, `processor`) VALUES(202481589486190,'b8:27:eb:37:02:6e','b8:27:eb:62:57:3b',NULL,'RaspberryPi_3B');
INSERT IGNORE INTO `instore_ai_devices`.`device_details` (`device_id`, `lan_mac_id`, `wifi_mac_id`, `po`, `processor`) VALUES(202481589577463,'b8:27:eb:38:66:f7','b8:27:eb:6d:33:a2',NULL,'RaspberryPi_3B');
INSERT IGNORE INTO `instore_ai_devices`.`device_details` (`device_id`, `lan_mac_id`, `wifi_mac_id`, `po`, `processor`) VALUES(202481590205806,'b8:27:eb:41:fd:6e','b8:27:eb:14:a8:3b',NULL,'RaspberryPi_3B');
INSERT IGNORE INTO `instore_ai_devices`.`device_details` (`device_id`, `lan_mac_id`, `wifi_mac_id`, `po`, `processor`) VALUES(202481590404754,'b8:27:eb:45:06:92','b8:27:eb:10:53:c7',NULL,'RaspberryPi_3B');
INSERT IGNORE INTO `instore_ai_devices`.`device_details` (`device_id`, `lan_mac_id`, `wifi_mac_id`, `po`, `processor`) VALUES(202481590551039,NULL,NULL,NULL,'RaspberryPi_3B');
INSERT IGNORE INTO `instore_ai_devices`.`device_details` (`device_id`, `lan_mac_id`, `wifi_mac_id`, `po`, `processor`) VALUES(202481590583567,'b8:27:eb:47:c1:0f','b8:27:eb:12:94:5a',NULL,'RaspberryPi_3B');
INSERT IGNORE INTO `instore_ai_devices`.`device_details` (`device_id`, `lan_mac_id`, `wifi_mac_id`, `po`, `processor`) VALUES(202481590610223,'b8:27:eb:48:29:2f','b8:27:eb:1d:7c:7a',NULL,'RaspberryPi_3B');
INSERT IGNORE INTO `instore_ai_devices`.`device_details` (`device_id`, `lan_mac_id`, `wifi_mac_id`, `po`, `processor`) VALUES(202481590616504,'b8:27:eb:48:41:b8','b8:27:eb:1d:14:ed',NULL,'RaspberryPi_3B');
INSERT IGNORE INTO `instore_ai_devices`.`device_details` (`device_id`, `lan_mac_id`, `wifi_mac_id`, `po`, `processor`) VALUES(202481590791215,NULL,NULL,NULL,'RaspberryPi_3B');
INSERT IGNORE INTO `instore_ai_devices`.`device_details` (`device_id`, `lan_mac_id`, `wifi_mac_id`, `po`, `processor`) VALUES(202481591025358,'b8:27:eb:4e:7e:ce','b8:27:eb:1b:2b:9b',NULL,'RaspberryPi_3B');
INSERT IGNORE INTO `instore_ai_devices`.`device_details` (`device_id`, `lan_mac_id`, `wifi_mac_id`, `po`, `processor`) VALUES(202481591691451,'b8:27:eb:58:a8:bb','b8:27:eb:0d:fd:ee',NULL,'RaspberryPi_3B');
INSERT IGNORE INTO `instore_ai_devices`.`device_details` (`device_id`, `lan_mac_id`, `wifi_mac_id`, `po`, `processor`) VALUES(202481591775681,'b8:27:eb:59:f1:c1','b8:27:eb:0c:a4:94',NULL,'RaspberryPi_3B');
INSERT IGNORE INTO `instore_ai_devices`.`device_details` (`device_id`, `lan_mac_id`, `wifi_mac_id`, `po`, `processor`) VALUES(202481591875018,'b8:27:eb:5b:75:ca','b8:27:eb:0e:20:9f',NULL,'RaspberryPi_3B');
INSERT IGNORE INTO `instore_ai_devices`.`device_details` (`device_id`, `lan_mac_id`, `wifi_mac_id`, `po`, `processor`) VALUES(202481592301948,'b8:27:eb:61:f9:7c','b8:27:eb:34:ac:29',NULL,'RaspberryPi_3B');
INSERT IGNORE INTO `instore_ai_devices`.`device_details` (`device_id`, `lan_mac_id`, `wifi_mac_id`, `po`, `processor`) VALUES(202481592694725,'b8:27:eb:67:f7:c5','b8:27:eb:32:a2:90',NULL,'RaspberryPi_3B');
INSERT IGNORE INTO `instore_ai_devices`.`device_details` (`device_id`, `lan_mac_id`, `wifi_mac_id`, `po`, `processor`) VALUES(202481592977984,'b8:27:eb:6c:4a:40','b8:27:eb:39:1f:15',NULL,'RaspberryPi_3B');
INSERT IGNORE INTO `instore_ai_devices`.`device_details` (`device_id`, `lan_mac_id`, `wifi_mac_id`, `po`, `processor`) VALUES(202481593140662,'b8:27:eb:6e:c5:b6','b8:27:eb:3b:90:e3',NULL,'RaspberryPi_3B');
INSERT IGNORE INTO `instore_ai_devices`.`device_details` (`device_id`, `lan_mac_id`, `wifi_mac_id`, `po`, `processor`) VALUES(202481593175234,'b8:27:eb:6f:4c:c2','b8:27:eb:3a:19:97',NULL,'RaspberryPi_3B');
INSERT IGNORE INTO `instore_ai_devices`.`device_details` (`device_id`, `lan_mac_id`, `wifi_mac_id`, `po`, `processor`) VALUES(202481593239859,'b8:27:eb:70:49:33','b8:27:eb:25:1c:66',NULL,'RaspberryPi_3B');
INSERT IGNORE INTO `instore_ai_devices`.`device_details` (`device_id`, `lan_mac_id`, `wifi_mac_id`, `po`, `processor`) VALUES(202481593583630,NULL,NULL,NULL,'RaspberryPi_3B');
INSERT IGNORE INTO `instore_ai_devices`.`device_details` (`device_id`, `lan_mac_id`, `wifi_mac_id`, `po`, `processor`) VALUES(202481593806486,'b8:27:eb:78:ee:96','b8:27:eb:2d:bb:c3',NULL,'RaspberryPi_3B');
INSERT IGNORE INTO `instore_ai_devices`.`device_details` (`device_id`, `lan_mac_id`, `wifi_mac_id`, `po`, `processor`) VALUES(202481593964675,'b8:27:eb:7b:58:83','b8:27:eb:2e:0d:d6',NULL,'RaspberryPi_3B');
INSERT IGNORE INTO `instore_ai_devices`.`device_details` (`device_id`, `lan_mac_id`, `wifi_mac_id`, `po`, `processor`) VALUES(202481593988662,'b8:27:eb:7b:b6:36','b8:27:eb:2e:e3:63',NULL,'RaspberryPi_3B');
INSERT IGNORE INTO `instore_ai_devices`.`device_details` (`device_id`, `lan_mac_id`, `wifi_mac_id`, `po`, `processor`) VALUES(202481594046242,'b8:27:eb:7c:97:22','b8:27:eb:29:c2:77',NULL,'RaspberryPi_3B');
INSERT IGNORE INTO `instore_ai_devices`.`device_details` (`device_id`, `lan_mac_id`, `wifi_mac_id`, `po`, `processor`) VALUES(202481594332751,'b8:27:eb:80:f6:4f','b8:27:eb:d5:a3:1a',NULL,'RaspberryPi_3B');
INSERT IGNORE INTO `instore_ai_devices`.`device_details` (`device_id`, `lan_mac_id`, `wifi_mac_id`, `po`, `processor`) VALUES(202481594677733,'b8:27:eb:86:39:e5','b8:27:eb:d3:6c:b0',NULL,'RaspberryPi_3B');
INSERT IGNORE INTO `instore_ai_devices`.`device_details` (`device_id`, `lan_mac_id`, `wifi_mac_id`, `po`, `processor`) VALUES(202481594810361,'b8:27:eb:88:3f:f9','b8:27:eb:dd:6a:ac',NULL,'RaspberryPi_3B');
INSERT IGNORE INTO `instore_ai_devices`.`device_details` (`device_id`, `lan_mac_id`, `wifi_mac_id`, `po`, `processor`) VALUES(202481595096314,'b8:27:eb:8c:9c:fa','b8:27:eb:d9:c9:af',NULL,'RaspberryPi_3B');
INSERT IGNORE INTO `instore_ai_devices`.`device_details` (`device_id`, `lan_mac_id`, `wifi_mac_id`, `po`, `processor`) VALUES(202481595119898,'b8:27:eb:8c:f9:1a','b8:27:eb:d9:ac:4f',NULL,'RaspberryPi_3B');
INSERT IGNORE INTO `instore_ai_devices`.`device_details` (`device_id`, `lan_mac_id`, `wifi_mac_id`, `po`, `processor`) VALUES(202481595185461,'b8:27:eb:8d:f9:35','b8:27:eb:d8:ac:60',NULL,'RaspberryPi_3B');
INSERT IGNORE INTO `instore_ai_devices`.`device_details` (`device_id`, `lan_mac_id`, `wifi_mac_id`, `po`, `processor`) VALUES(202481595265270,'b8:27:eb:8f:30:f6','b8:27:eb:da:65:a3',NULL,'RaspberryPi_3B');
INSERT IGNORE INTO `instore_ai_devices`.`device_details` (`device_id`, `lan_mac_id`, `wifi_mac_id`, `po`, `processor`) VALUES(202481595445089,NULL,NULL,NULL,'RaspberryPi_3B');
INSERT IGNORE INTO `instore_ai_devices`.`device_details` (`device_id`, `lan_mac_id`, `wifi_mac_id`, `po`, `processor`) VALUES(202481595721155,'b8:27:eb:96:25:c3','b8:27:eb:c3:70:96',NULL,'RaspberryPi_3B');
INSERT IGNORE INTO `instore_ai_devices`.`device_details` (`device_id`, `lan_mac_id`, `wifi_mac_id`, `po`, `processor`) VALUES(202481596157137,'b8:27:eb:9c:cc:d1','b8:27:eb:c9:99:84',NULL,'RaspberryPi_3B');
INSERT IGNORE INTO `instore_ai_devices`.`device_details` (`device_id`, `lan_mac_id`, `wifi_mac_id`, `po`, `processor`) VALUES(202481596190623,'b8:27:eb:9d:4f:9f','b8:27:eb:c8:1a:ca',NULL,'RaspberryPi_3B');
INSERT IGNORE INTO `instore_ai_devices`.`device_details` (`device_id`, `lan_mac_id`, `wifi_mac_id`, `po`, `processor`) VALUES(202481596399858,'b8:27:eb:a0:80:f2','b8:27:eb:f5:d5:a7',NULL,'RaspberryPi_3B');
INSERT IGNORE INTO `instore_ai_devices`.`device_details` (`device_id`, `lan_mac_id`, `wifi_mac_id`, `po`, `processor`) VALUES(202481596470820,'b8:27:eb:a1:96:24','b8:27:eb:f4:c3:71',NULL,'RaspberryPi_3B');
INSERT IGNORE INTO `instore_ai_devices`.`device_details` (`device_id`, `lan_mac_id`, `wifi_mac_id`, `po`, `processor`) VALUES(202481597004467,'b8:27:eb:a9:ba:b3','b8:27:eb:fc:ef:e6',NULL,'RaspberryPi_3B');
INSERT IGNORE INTO `instore_ai_devices`.`device_details` (`device_id`, `lan_mac_id`, `wifi_mac_id`, `po`, `processor`) VALUES(202481597229456,'b8:27:eb:ad:29:90','b8:27:eb:f8:7c:c5',NULL,'RaspberryPi_3B');
INSERT IGNORE INTO `instore_ai_devices`.`device_details` (`device_id`, `lan_mac_id`, `wifi_mac_id`, `po`, `processor`) VALUES(202481597312388,'b8:27:eb:ae:6d:84','b8:27:eb:fb:38:d1',NULL,'RaspberryPi_3B');
INSERT IGNORE INTO `instore_ai_devices`.`device_details` (`device_id`, `lan_mac_id`, `wifi_mac_id`, `po`, `processor`) VALUES(202481597741315,'b8:27:eb:b4:f9:03','b8:27:eb:e1:ac:56',NULL,'RaspberryPi_3B');
INSERT IGNORE INTO `instore_ai_devices`.`device_details` (`device_id`, `lan_mac_id`, `wifi_mac_id`, `po`, `processor`) VALUES(202481598034692,'b8:27:eb:b9:73:04','b8:27:eb:ec:26:51',NULL,'RaspberryPi_3B');
INSERT IGNORE INTO `instore_ai_devices`.`device_details` (`device_id`, `lan_mac_id`, `wifi_mac_id`, `po`, `processor`) VALUES(202481598090540,'b8:27:eb:ba:4d:2c','b8:27:eb:ef:18:79',NULL,'RaspberryPi_3B');
INSERT IGNORE INTO `instore_ai_devices`.`device_details` (`device_id`, `lan_mac_id`, `wifi_mac_id`, `po`, `processor`) VALUES(202481598103795,'b8:27:eb:ba:80:f3','b8:27:eb:ef:d5:a6',NULL,'RaspberryPi_3B');
INSERT IGNORE INTO `instore_ai_devices`.`device_details` (`device_id`, `lan_mac_id`, `wifi_mac_id`, `po`, `processor`) VALUES(202481598513110,'b8:27:eb:c0:bf:d6','b8:27:eb:95:ea:83',NULL,'RaspberryPi_3B');
INSERT IGNORE INTO `instore_ai_devices`.`device_details` (`device_id`, `lan_mac_id`, `wifi_mac_id`, `po`, `processor`) VALUES(202481598634548,'b8:27:eb:c2:9a:34','b8:27:eb:97:cf:61',NULL,'RaspberryPi_3B');
INSERT IGNORE INTO `instore_ai_devices`.`device_details` (`device_id`, `lan_mac_id`, `wifi_mac_id`, `po`, `processor`) VALUES(202481598637375,'b8:27:eb:c2:a5:3f','b8:27:eb:97:f0:6a',NULL,'RaspberryPi_3B');
INSERT IGNORE INTO `instore_ai_devices`.`device_details` (`device_id`, `lan_mac_id`, `wifi_mac_id`, `po`, `processor`) VALUES(202481598814694,'b8:27:eb:c5:59:e6','b8:27:eb:90:0c:b3',NULL,'RaspberryPi_3B');
INSERT IGNORE INTO `instore_ai_devices`.`device_details` (`device_id`, `lan_mac_id`, `wifi_mac_id`, `po`, `processor`) VALUES(202481598838237,'b8:27:eb:c5:b5:dd','b8:27:eb:90:e0:88',NULL,'RaspberryPi_3B');
INSERT IGNORE INTO `instore_ai_devices`.`device_details` (`device_id`, `lan_mac_id`, `wifi_mac_id`, `po`, `processor`) VALUES(202481599026961,'b8:27:eb:c8:97:11','b8:27:eb:9d:c2:44',NULL,'RaspberryPi_3B');
INSERT IGNORE INTO `instore_ai_devices`.`device_details` (`device_id`, `lan_mac_id`, `wifi_mac_id`, `po`, `processor`) VALUES(202481599057206,'b8:27:eb:c9:0d:36','b8:27:eb:9c:58:63',NULL,'RaspberryPi_3B');
INSERT IGNORE INTO `instore_ai_devices`.`device_details` (`device_id`, `lan_mac_id`, `wifi_mac_id`, `po`, `processor`) VALUES(202481599203755,NULL,NULL,NULL,'RaspberryPi_3B');
INSERT IGNORE INTO `instore_ai_devices`.`device_details` (`device_id`, `lan_mac_id`, `wifi_mac_id`, `po`, `processor`) VALUES(202481599230998,'b8:27:eb:cb:b4:16','b8:27:eb:9e:e1:43',NULL,'RaspberryPi_3B');
INSERT IGNORE INTO `instore_ai_devices`.`device_details` (`device_id`, `lan_mac_id`, `wifi_mac_id`, `po`, `processor`) VALUES(202481599268024,'b8:27:eb:cc:44:b8','b8:27:eb:99:11:ed',NULL,'RaspberryPi_3B');
INSERT IGNORE INTO `instore_ai_devices`.`device_details` (`device_id`, `lan_mac_id`, `wifi_mac_id`, `po`, `processor`) VALUES(202481599560575,'b8:27:eb:d0:bb:7f','b8:27:eb:85:ee:2a',NULL,'RaspberryPi_3B');
INSERT IGNORE INTO `instore_ai_devices`.`device_details` (`device_id`, `lan_mac_id`, `wifi_mac_id`, `po`, `processor`) VALUES(202481599579913,NULL,NULL,NULL,'RaspberryPi_3B');
INSERT IGNORE INTO `instore_ai_devices`.`device_details` (`device_id`, `lan_mac_id`, `wifi_mac_id`, `po`, `processor`) VALUES(202481599579980,'b8:27:eb:d1:07:4c','b8:27:eb:84:52:19',NULL,'RaspberryPi_3B');
INSERT IGNORE INTO `instore_ai_devices`.`device_details` (`device_id`, `lan_mac_id`, `wifi_mac_id`, `po`, `processor`) VALUES(202481599840297,'b8:27:eb:d5:00:29','b8:27:eb:80:55:7c',NULL,'RaspberryPi_3B');
INSERT IGNORE INTO `instore_ai_devices`.`device_details` (`device_id`, `lan_mac_id`, `wifi_mac_id`, `po`, `processor`) VALUES(202481600078659,'b8:27:eb:d8:a3:43','b8:27:eb:8d:f6:16',NULL,'RaspberryPi_3B');
INSERT IGNORE INTO `instore_ai_devices`.`device_details` (`device_id`, `lan_mac_id`, `wifi_mac_id`, `po`, `processor`) VALUES(202481600095727,'b8:27:eb:d8:e5:ef','b8:27:eb:8d:b0:ba',NULL,'RaspberryPi_3B');
INSERT IGNORE INTO `instore_ai_devices`.`device_details` (`device_id`, `lan_mac_id`, `wifi_mac_id`, `po`, `processor`) VALUES(202481600443145,'b8:27:eb:de:33:09','b8:27:eb:8b:66:5c',NULL,'RaspberryPi_3B');
INSERT IGNORE INTO `instore_ai_devices`.`device_details` (`device_id`, `lan_mac_id`, `wifi_mac_id`, `po`, `processor`) VALUES(202481600449103,'b8:27:eb:de:4a:4f','b8:27:eb:8b:1f:1a',NULL,'RaspberryPi_3B');
INSERT IGNORE INTO `instore_ai_devices`.`device_details` (`device_id`, `lan_mac_id`, `wifi_mac_id`, `po`, `processor`) VALUES(202481600473874,'b8:27:eb:de:ab:12','b8:27:eb:8b:fe:47',NULL,'RaspberryPi_3B');
INSERT IGNORE INTO `instore_ai_devices`.`device_details` (`device_id`, `lan_mac_id`, `wifi_mac_id`, `po`, `processor`) VALUES(202481600524127,'b8:27:eb:df:6f:5f','b8:27:eb:8a:3a:0a',NULL,'RaspberryPi_3B');
INSERT IGNORE INTO `instore_ai_devices`.`device_details` (`device_id`, `lan_mac_id`, `wifi_mac_id`, `po`, `processor`) VALUES(202481600653992,'b8:27:eb:e1:6a:a8','b8:27:eb:b4:3f:fd',NULL,'RaspberryPi_3B');
INSERT IGNORE INTO `instore_ai_devices`.`device_details` (`device_id`, `lan_mac_id`, `wifi_mac_id`, `po`, `processor`) VALUES(202481600860178,'b8:27:eb:e4:90:12','b8:27:eb:b1:c5:47',NULL,'RaspberryPi_3B');
INSERT IGNORE INTO `instore_ai_devices`.`device_details` (`device_id`, `lan_mac_id`, `wifi_mac_id`, `po`, `processor`) VALUES(202481600884600,'b8:27:eb:e4:ef:78','b8:27:eb:b1:ba:2d',NULL,'RaspberryPi_3B');
INSERT IGNORE INTO `instore_ai_devices`.`device_details` (`device_id`, `lan_mac_id`, `wifi_mac_id`, `po`, `processor`) VALUES(202481601387337,'b8:27:eb:ec:9b:49','b8:27:eb:b9:ce:1C',NULL,'RaspberryPi_3B');
INSERT IGNORE INTO `instore_ai_devices`.`device_details` (`device_id`, `lan_mac_id`, `wifi_mac_id`, `po`, `processor`) VALUES(202481601536655,'b8:27:eb:ee:e2:8f','b8:27:eb:bb:b7:da',NULL,'RaspberryPi_3B');
INSERT IGNORE INTO `instore_ai_devices`.`device_details` (`device_id`, `lan_mac_id`, `wifi_mac_id`, `po`, `processor`) VALUES(202481601638864,'b8:27:eb:f0:71:d0','b8:27:eb:a5:24:85',NULL,'RaspberryPi_3B');
INSERT IGNORE INTO `instore_ai_devices`.`device_details` (`device_id`, `lan_mac_id`, `wifi_mac_id`, `po`, `processor`) VALUES(202481601737952,NULL,NULL,NULL,'RaspberryPi_3B');
INSERT IGNORE INTO `instore_ai_devices`.`device_details` (`device_id`, `lan_mac_id`, `wifi_mac_id`, `po`, `processor`) VALUES(202481601839667,'b8:27:eb:f3:82:33','b8:27:eb:a6:d7:66',NULL,'RaspberryPi_3B');
INSERT IGNORE INTO `instore_ai_devices`.`device_details` (`device_id`, `lan_mac_id`, `wifi_mac_id`, `po`, `processor`) VALUES(202481602021654,'b8:27:eb:f6:49:16','b8:27:eb:a3:1c:43',NULL,'RaspberryPi_3B');
INSERT IGNORE INTO `instore_ai_devices`.`device_details` (`device_id`, `lan_mac_id`, `wifi_mac_id`, `po`, `processor`) VALUES(202481602227034,NULL,NULL,NULL,'RaspberryPi_3B');
INSERT IGNORE INTO `instore_ai_devices`.`device_details` (`device_id`, `lan_mac_id`, `wifi_mac_id`, `po`, `processor`) VALUES(202481602426122,'b8:27:eb:fc:75:0a','b8:27:eb:a9:20:5f',NULL,'RaspberryPi_3B');
INSERT IGNORE INTO `instore_ai_devices`.`device_details` (`device_id`, `lan_mac_id`, `wifi_mac_id`, `po`, `processor`) VALUES(202481602636120,'b8:27:eb:ff:a9:58','b8:27:eb:aa:fc:0d',NULL,'RaspberryPi_3B');
INSERT IGNORE INTO `instore_ai_devices`.`device_details` (`device_id`, `lan_mac_id`, `wifi_mac_id`, `po`, `processor`) VALUES(202481602654914,'b8:27:eb:ff:f2:c2','b8:27:eb:aa:a7:97',NULL,'RaspberryPi_3B');
CREATE TABLE installation_details (
        device_id INTEGER NOT NULL,
        org_id VARCHAR(6) NOT NULL,
        store_id VARCHAR(9) NOT NULL,
        engagement_type VARCHAR(7) CHECK(engagement_type IN ('rollout', 'pilot', 'nightly_testing')) NULL DEFAULT NULL,
        date_dispatched DATETIME,
        date_installed DATETIME,
        date_callback DATETIME,
        device_name VARCHAR(50),
        store_name VARCHAR(50) NOT NULL,
        is_active Boolean DEFAULT TRUE,
        dispatch_type VARCHAR(15) CHECK(dispatch_type IN ('hand_delivered', 'courier')) NOT NULL,
        FOREIGN KEY(device_id) REFERENCES device_details(device_id)
        );
INSERT IGNORE INTO `instore_ai_devices`.`installation_details` (`device_id`, `org_id`, `store_id`, `engagement_type`, `date_dispatched`, `date_installed`, `date_callback`, `device_name`,`store_name`, `is_active`, `dispatch_type`) VALUES(202481593988662,'150698','200080668','rollout','2018-08-10','2018-09-27',NULL,'MothercareGIM_Main_Entrance_1','Grand Indonesia Mall MC',1,'courier');
INSERT IGNORE INTO `instore_ai_devices`.`installation_details` (`device_id`, `org_id`, `store_id`, `engagement_type`, `date_dispatched`, `date_installed`, `date_callback`, `device_name`,`store_name`, `is_active`, `dispatch_type`) VALUES(202481593964675,'150698','200080669','rollout','2018-08-10','2018-09-27',NULL,'ELCGRE_Main_Entrance_1','New Grand Indonesia ELC',1,'courier');
INSERT IGNORE INTO `instore_ai_devices`.`installation_details` (`device_id`, `org_id`, `store_id`, `engagement_type`, `date_dispatched`, `date_installed`, `date_callback`, `device_name`,`store_name`, `is_active`, `dispatch_type`) VALUES(202481592301948,'150698','200080670','rollout','2018-08-10','2018-09-28',NULL,'NikeGIN_Main_Entrance_1','Grand Indonesia Nike',1,'courier');
INSERT IGNORE INTO `instore_ai_devices`.`installation_details` (`device_id`, `org_id`, `store_id`, `engagement_type`, `date_dispatched`, `date_installed`, `date_callback`, `device_name`,`store_name`, `is_active`, `dispatch_type`) VALUES(202481597741315,'150698','200080617','rollout','2018-08-10','2018-09-28',NULL,'GingersnapsPLG_Mai_Entrance_1','Plaza Indonesia Miniapolis GS',1,'courier');
INSERT IGNORE INTO `instore_ai_devices`.`installation_details` (`device_id`, `org_id`, `store_id`, `engagement_type`, `date_dispatched`, `date_installed`, `date_callback`, `device_name`,`store_name`, `is_active`, `dispatch_type`) VALUES(202481595096314,'150698','200080715','rollout','2018-08-10','2018-09-29',NULL,'GingersnapsSCG_Main_Entrance_1','Senayan City GS',1,'courier');
INSERT IGNORE INTO `instore_ai_devices`.`installation_details` (`device_id`, `org_id`, `store_id`, `engagement_type`, `date_dispatched`, `date_installed`, `date_callback`, `device_name`,`store_name`, `is_active`, `dispatch_type`) VALUES(202481601638864,'150698','200106150','rollout','2018-08-10','2018-10-02',NULL,'WILIOKGO_Main_Entrance_1','Kelapa Gading Wilio',1,'courier');
INSERT IGNORE INTO `instore_ai_devices`.`installation_details` (`device_id`, `org_id`, `store_id`, `engagement_type`, `date_dispatched`, `date_installed`, `date_callback`, `device_name`,`store_name`, `is_active`, `dispatch_type`) VALUES(202481588309075,'150698','200106150','rollout','2018-08-10','2018-10-02',NULL,'WILIOKGO_Main_Entrance_2','Kelapa Gading Wilio',1,'courier');
INSERT IGNORE INTO `instore_ai_devices`.`installation_details` (`device_id`, `org_id`, `store_id`, `engagement_type`, `date_dispatched`, `date_installed`, `date_callback`, `device_name`,`store_name`, `is_active`, `dispatch_type`) VALUES(202481588983570,'150698','200080694','rollout','2018-08-10','2018-10-02',NULL,'MothercarePLM_Main-Entrance_2','Plaza Indonesia Miniapolis',1,'courier');
INSERT IGNORE INTO `instore_ai_devices`.`installation_details` (`device_id`, `org_id`, `store_id`, `engagement_type`, `date_dispatched`, `date_installed`, `date_callback`, `device_name`,`store_name`, `is_active`, `dispatch_type`) VALUES(202481586652596,'150698','200080694','rollout','2018-08-10','2018-10-02',NULL,'MothercarePLM_Main-Entrance_1','Plaza Indonesia Miniapolis',1,'courier');
INSERT IGNORE INTO `instore_ai_devices`.`installation_details` (`device_id`, `org_id`, `store_id`, `engagement_type`, `date_dispatched`, `date_installed`, `date_callback`, `device_name`,`store_name`, `is_active`, `dispatch_type`) VALUES(202481601387337,'150698','200080694','rollout','2018-08-10','2018-10-02',NULL,'MothercarePLM_Main-Entrance_3','Plaza Indonesia Miniapolis',1,'courier');
INSERT IGNORE INTO `instore_ai_devices`.`installation_details` (`device_id`, `org_id`, `store_id`, `engagement_type`, `date_dispatched`, `date_installed`, `date_callback`, `device_name`,`store_name`, `is_active`, `dispatch_type`) VALUES(202481600884600,'150698','200080699','rollout','2018-09-19','2018-10-02',NULL,'MothercareKLM_Main_Entrance_1','New Kelapa Gading',1,'courier');
INSERT IGNORE INTO `instore_ai_devices`.`installation_details` (`device_id`, `org_id`, `store_id`, `engagement_type`, `date_dispatched`, `date_installed`, `date_callback`, `device_name`,`store_name`, `is_active`, `dispatch_type`) VALUES(202481594046242,'150698','200080698','rollout','2018-09-19','2018-10-02',NULL,'ELCKLE_Main_Entrance_1','Kelapa Gading ELC New',1,'courier');
INSERT IGNORE INTO `instore_ai_devices`.`installation_details` (`device_id`, `org_id`, `store_id`, `engagement_type`, `date_dispatched`, `date_installed`, `date_callback`, `device_name`,`store_name`, `is_active`, `dispatch_type`) VALUES(202481591875018,'150698','200080700','rollout','2018-09-19','2018-10-02',NULL,'GingersnapsKGG_Main_Entrance_1','Kelapa Gading GS',1,'courier');
INSERT IGNORE INTO `instore_ai_devices`.`installation_details` (`device_id`, `org_id`, `store_id`, `engagement_type`, `date_dispatched`, `date_installed`, `date_callback`, `device_name`,`store_name`, `is_active`, `dispatch_type`) VALUES(202481596190623,'150698','200080704','rollout','2018-09-19','2018-10-03',NULL,'MothercarePPM_Main_Entrance_1','Pacific Place Mall',1,'courier');
INSERT IGNORE INTO `instore_ai_devices`.`installation_details` (`device_id`, `org_id`, `store_id`, `engagement_type`, `date_dispatched`, `date_installed`, `date_callback`, `device_name`,`store_name`, `is_active`, `dispatch_type`) VALUES(202481589486190,'150432','200090443','rollout','2018-07-05','2018-10-02',NULL,'10050_Main_Entrance_1','MITRA10 PESANGGRAHAN',1,'courier');
INSERT IGNORE INTO `instore_ai_devices`.`installation_details` (`device_id`, `org_id`, `store_id`, `engagement_type`, `date_dispatched`, `date_installed`, `date_callback`, `device_name`,`store_name`, `is_active`, `dispatch_type`) VALUES(202481593806486,'150698','200080679','rollout','2018-09-19','2018-10-03',NULL,'ELCKKE_Main_Entrance_1','Kota Kasablanka ELC',1,'courier');
INSERT IGNORE INTO `instore_ai_devices`.`installation_details` (`device_id`, `org_id`, `store_id`, `engagement_type`, `date_dispatched`, `date_installed`, `date_callback`, `device_name`,`store_name`, `is_active`, `dispatch_type`) VALUES(202481600473874,'150698','200080714','rollout','2018-09-19','2018-10-03',NULL,'MothercareSCM_Main_Entrance_1','Senayan City Mall',1,'courier');
INSERT IGNORE INTO `instore_ai_devices`.`installation_details` (`device_id`, `org_id`, `store_id`, `engagement_type`, `date_dispatched`, `date_installed`, `date_callback`, `device_name`,`store_name`, `is_active`, `dispatch_type`) VALUES(202481591025358,'150698','200080714','rollout','2018-09-19','2018-10-03',NULL,'MothercareSCM_Main_Entrance_2','Senayan City Mall',1,'courier');
INSERT IGNORE INTO `instore_ai_devices`.`installation_details` (`device_id`, `org_id`, `store_id`, `engagement_type`, `date_dispatched`, `date_installed`, `date_callback`, `device_name`,`store_name`, `is_active`, `dispatch_type`) VALUES(202481597312388,'150698','200080708','rollout','2018-09-19','2018-10-03',NULL,'ELCPPE_Main_Entrance_1','Pacific Place ELC',1,'courier');
INSERT IGNORE INTO `instore_ai_devices`.`installation_details` (`device_id`, `org_id`, `store_id`, `engagement_type`, `date_dispatched`, `date_installed`, `date_callback`, `device_name`,`store_name`, `is_active`, `dispatch_type`) VALUES(202481595445089,'150698','200080666','rollout','','2018-10-04',NULL,'WILIOGIO_Main_Entrance_2','Grand Indonesia Wilio',1,'hand_delivered');
INSERT IGNORE INTO `instore_ai_devices`.`installation_details` (`device_id`, `org_id`, `store_id`, `engagement_type`, `date_dispatched`, `date_installed`, `date_callback`, `device_name`,`store_name`, `is_active`, `dispatch_type`) VALUES(202481601737952,'150698','200080666','rollout','','2018-10-04',NULL,'WILIOGIO_Main_Entrance_1','Grand Indonesia Wilio',1,'hand_delivered');
INSERT IGNORE INTO `instore_ai_devices`.`installation_details` (`device_id`, `org_id`, `store_id`, `engagement_type`, `date_dispatched`, `date_installed`, `date_callback`, `device_name`,`store_name`, `is_active`, `dispatch_type`) VALUES(202481590551039,'150698','200080675','rollout','','2018-10-04',NULL,'MothercareGAM_Main_Entrance_1','Gandaria City',1,'hand_delivered');
INSERT IGNORE INTO `instore_ai_devices`.`installation_details` (`device_id`, `org_id`, `store_id`, `engagement_type`, `date_dispatched`, `date_installed`, `date_callback`, `device_name`,`store_name`, `is_active`, `dispatch_type`) VALUES(202481593583630,'150698','200080675','rollout','','2018-10-04',NULL,'MothercareGAM_Main_Entrance_2','Gandaria City',1,'hand_delivered');
INSERT IGNORE INTO `instore_ai_devices`.`installation_details` (`device_id`, `org_id`, `store_id`, `engagement_type`, `date_dispatched`, `date_installed`, `date_callback`, `device_name`,`store_name`, `is_active`, `dispatch_type`) VALUES(202481590616504,'150698','200080707','rollout','2018-09-19','2018-10-04',NULL,'GingersnapsPPG_Main_Entrance_1','Pacific Place GS',1,'courier');
INSERT IGNORE INTO `instore_ai_devices`.`installation_details` (`device_id`, `org_id`, `store_id`, `engagement_type`, `date_dispatched`, `date_installed`, `date_callback`, `device_name`,`store_name`, `is_active`, `dispatch_type`) VALUES(202481599579913,'150698','200080719','rollout','2018-09-19','2018-10-04',NULL,'MothercarePIM_Main_Entrance_1','Pondok Indah Mall 2',1,'courier');
INSERT IGNORE INTO `instore_ai_devices`.`installation_details` (`device_id`, `org_id`, `store_id`, `engagement_type`, `date_dispatched`, `date_installed`, `date_callback`, `device_name`,`store_name`, `is_active`, `dispatch_type`) VALUES(202481601839667,'150698','200103123','rollout','2018-09-19','2018-10-04',NULL,'MothercareLPM_Main_Entrance_1','Mothercare Lippo Puri Indah',1,'courier');
INSERT IGNORE INTO `instore_ai_devices`.`installation_details` (`device_id`, `org_id`, `store_id`, `engagement_type`, `date_dispatched`, `date_installed`, `date_callback`, `device_name`,`store_name`, `is_active`, `dispatch_type`) VALUES(202481598634548,'150698','200103123','rollout','2018-09-19','2018-10-04',NULL,'MothercareLPM_Main_Entrance_2','Mothercare Lippo Puri Indah',1,'courier');
INSERT IGNORE INTO `instore_ai_devices`.`installation_details` (`device_id`, `org_id`, `store_id`, `engagement_type`, `date_dispatched`, `date_installed`, `date_callback`, `device_name`,`store_name`, `is_active`, `dispatch_type`) VALUES(202481599560575,'150698','200080621','rollout','2018-09-19','2018-10-04',NULL,'GingersnapsPUG_Main_Entrance_1','Puri Mall GS',1,'courier');
INSERT IGNORE INTO `instore_ai_devices`.`installation_details` (`device_id`, `org_id`, `store_id`, `engagement_type`, `date_dispatched`, `date_installed`, `date_callback`, `device_name`,`store_name`, `is_active`, `dispatch_type`) VALUES(202481598090540,'150698','200080678','rollout','2018-09-19','2018-10-05',NULL,'GingersnapsKKG_Main_Entrance_1','Kasablanca GS',1,'courier');
INSERT IGNORE INTO `instore_ai_devices`.`installation_details` (`device_id`, `org_id`, `store_id`, `engagement_type`, `date_dispatched`, `date_installed`, `date_callback`, `device_name`,`store_name`, `is_active`, `dispatch_type`) VALUES(202481593140662,'150698','200080737','rollout','2018-09-19','2018-10-06',NULL,'MothercareBSM_Main_Entrance_1','Bandung Supermall',1,'courier');
INSERT IGNORE INTO `instore_ai_devices`.`installation_details` (`device_id`, `org_id`, `store_id`, `engagement_type`, `date_dispatched`, `date_installed`, `date_callback`, `device_name`,`store_name`, `is_active`, `dispatch_type`) VALUES(202481600653992,'150698','200080736','rollout','2018-09-19','2018-10-06',NULL,'ELCBSE_Main_Entrance_1','Bandung Supermall ELC',1,'courier');
INSERT IGNORE INTO `instore_ai_devices`.`installation_details` (`device_id`, `org_id`, `store_id`, `engagement_type`, `date_dispatched`, `date_installed`, `date_callback`, `device_name`,`store_name`, `is_active`, `dispatch_type`) VALUES(202481588874946,'150698','200080710','rollout','2018-09-19','2018-10-06',NULL,'MothercarePEM_Main_Entrance_1','Pluit Emporium Mall',1,'courier');
INSERT IGNORE INTO `instore_ai_devices`.`installation_details` (`device_id`, `org_id`, `store_id`, `engagement_type`, `date_dispatched`, `date_installed`, `date_callback`, `device_name`,`store_name`, `is_active`, `dispatch_type`) VALUES(202481588230240,'150698','200080712','rollout','2018-09-19','2018-10-06',NULL,'ELCPEE_Main_Entrance_1','Pluit Emporium Mall ELC',1,'courier');
INSERT IGNORE INTO `instore_ai_devices`.`installation_details` (`device_id`, `org_id`, `store_id`, `engagement_type`, `date_dispatched`, `date_installed`, `date_callback`, `device_name`,`store_name`, `is_active`, `dispatch_type`) VALUES(202481597004467,'150698','200080705','rollout','2018-09-19','2018-10-06',NULL,'ELCSME_Main_Entrance_1','Sumarecon Mall ELC',1,'courier');
INSERT IGNORE INTO `instore_ai_devices`.`installation_details` (`device_id`, `org_id`, `store_id`, `engagement_type`, `date_dispatched`, `date_installed`, `date_callback`, `device_name`,`store_name`, `is_active`, `dispatch_type`) VALUES(202481593175234,'150698','200080644','rollout','2018-09-19','2018-10-06',NULL,'MothercareSKM_Main_Entrance_1','Supermal Karawaci MC',1,'courier');
INSERT IGNORE INTO `instore_ai_devices`.`installation_details` (`device_id`, `org_id`, `store_id`, `engagement_type`, `date_dispatched`, `date_installed`, `date_callback`, `device_name`,`store_name`, `is_active`, `dispatch_type`) VALUES(202481600860178,'150698','200080665','rollout','2018-09-19','2018-10-07',NULL,'MothercarePKM_Main_Entrance_1','Pantai Indah Kapuk Avenue',1,'courier');
INSERT IGNORE INTO `instore_ai_devices`.`installation_details` (`device_id`, `org_id`, `store_id`, `engagement_type`, `date_dispatched`, `date_installed`, `date_callback`, `device_name`,`store_name`, `is_active`, `dispatch_type`) VALUES(202481594332751,'150698','200080703','rollout','2018-09-19','2018-10-07',NULL,'GingersnapsPKG_Main_Entrance_1','Pantai Indah Kapuk GS',1,'courier');
INSERT IGNORE INTO `instore_ai_devices`.`installation_details` (`device_id`, `org_id`, `store_id`, `engagement_type`, `date_dispatched`, `date_installed`, `date_callback`, `device_name`,`store_name`, `is_active`, `dispatch_type`) VALUES(202481592977984,'150698','200080684','rollout','2018-09-19','2018-10-07',NULL,'MothercareSBM_Main_Entrance_1','Summarecon Bekasi MC',1,'courier');
INSERT IGNORE INTO `instore_ai_devices`.`installation_details` (`device_id`, `org_id`, `store_id`, `engagement_type`, `date_dispatched`, `date_installed`, `date_callback`, `device_name`,`store_name`, `is_active`, `dispatch_type`) VALUES(202481588811631,'150698','200080685','rollout','2018-09-19','2018-10-07',NULL,'ELCSBE_Main_Entrance_1','Summarecon Bekasi ELC',1,'courier');
INSERT IGNORE INTO `instore_ai_devices`.`installation_details` (`device_id`, `org_id`, `store_id`, `engagement_type`, `date_dispatched`, `date_installed`, `date_callback`, `device_name`,`store_name`, `is_active`, `dispatch_type`) VALUES(202481588877053,'150698','200080647','rollout','2018-09-19','2018-10-08',NULL,'MothercareTA_Main_Entrance_1','Taman Anggrek Mall',1,'courier');
INSERT IGNORE INTO `instore_ai_devices`.`installation_details` (`device_id`, `org_id`, `store_id`, `engagement_type`, `date_dispatched`, `date_installed`, `date_callback`, `device_name`,`store_name`, `is_active`, `dispatch_type`) VALUES(202481595185461,'150698','200080646','rollout','2018-09-19','2018-10-08',NULL,'ELCTAE_Main_Entrance_1','Taman Anggrek ELC',1,'courier');
INSERT IGNORE INTO `instore_ai_devices`.`installation_details` (`device_id`, `org_id`, `store_id`, `engagement_type`, `date_dispatched`, `date_installed`, `date_callback`, `device_name`,`store_name`, `is_active`, `dispatch_type`) VALUES(202481587297622,'150698','200080682','rollout','2018-09-19','2018-10-09',NULL,'MothercareKVM_Main_Entrance_1','Kemang Village MC',1,'courier');
INSERT IGNORE INTO `instore_ai_devices`.`installation_details` (`device_id`, `org_id`, `store_id`, `engagement_type`, `date_dispatched`, `date_installed`, `date_callback`, `device_name`,`store_name`, `is_active`, `dispatch_type`) VALUES(202481589259116,'150698','200080681','rollout','2018-09-19','2018-10-09',NULL,'ELCKVE-Main_Entrance_1','Kemang Village ELC',1,'courier');
INSERT IGNORE INTO `instore_ai_devices`.`installation_details` (`device_id`, `org_id`, `store_id`, `engagement_type`, `date_dispatched`, `date_installed`, `date_callback`, `device_name`,`store_name`, `is_active`, `dispatch_type`) VALUES(202481596157137,'150698','200080620','rollout','2018-09-10','2018-10-10',NULL,'HAVAIANASPSV_Main_Entrance_2','Plaza Senayan',1,'courier');
INSERT IGNORE INTO `instore_ai_devices`.`installation_details` (`device_id`, `org_id`, `store_id`, `engagement_type`, `date_dispatched`, `date_installed`, `date_callback`, `device_name`,`store_name`, `is_active`, `dispatch_type`) VALUES(202481600095727,'150698','200080620','rollout','2018-09-10','2018-10-10',NULL,'HAVAIANASPSV_Main_Entrance_1','Plaza Senayan',1,'courier');
INSERT IGNORE INTO `instore_ai_devices`.`installation_details` (`device_id`, `org_id`, `store_id`, `engagement_type`, `date_dispatched`, `date_installed`, `date_callback`, `device_name`,`store_name`, `is_active`, `dispatch_type`) VALUES(202481596399858,'150698','200080643','rollout','2018-09-19','2018-10-06',NULL,'MothercareSMM_Main_Entrance_1','Sumarecon Mall MC',1,'courier');
INSERT IGNORE INTO `instore_ai_devices`.`installation_details` (`device_id`, `org_id`, `store_id`, `engagement_type`, `date_dispatched`, `date_installed`, `date_callback`, `device_name`,`store_name`, `is_active`, `dispatch_type`) VALUES(202481589413344,'150698','200080635','rollout','2018-07-02','2018-07-02',NULL,NULL,'Paskal Hyper Squre Justice',1,'courier');
INSERT IGNORE INTO `instore_ai_devices`.`installation_details` (`device_id`, `org_id`, `store_id`, `engagement_type`, `date_dispatched`, `date_installed`, `date_callback`, `device_name`,`store_name`, `is_active`, `dispatch_type`) VALUES(202481586064501,'150698','200080720','rollout','','2018-10-12',NULL,'ELCPIE_Main_Entrance_1','Pondok Indah ELC',1,'hand_delivered');
INSERT IGNORE INTO `instore_ai_devices`.`installation_details` (`device_id`, `org_id`, `store_id`, `engagement_type`, `date_dispatched`, `date_installed`, `date_callback`, `device_name`,`store_name`, `is_active`, `dispatch_type`) VALUES(202481590791215,'150698','200080722','rollout','','2018-10-12',NULL,'GingersnapsPIG_Main_Entrance_1','Pondok Indah Mall GS',1,'hand_delivered');
INSERT IGNORE INTO `instore_ai_devices`.`installation_details` (`device_id`, `org_id`, `store_id`, `engagement_type`, `date_dispatched`, `date_installed`, `date_callback`, `device_name`,`store_name`, `is_active`, `dispatch_type`) VALUES(202481600443145,'150698','200080676','rollout','2018-09-19','2018-10-12',NULL,'ELCCPE_Main_Entrance_1','Central Park ELC',1,'courier');
INSERT IGNORE INTO `instore_ai_devices`.`installation_details` (`device_id`, `org_id`, `store_id`, `engagement_type`, `date_dispatched`, `date_installed`, `date_callback`, `device_name`,`store_name`, `is_active`, `dispatch_type`) VALUES(202481598103795,'150698','200080677','rollout','2018-09-19','2018-10-12',NULL,'MothercareCPM_Main_Entrance_1','Central Park MC',1,'courier');
INSERT IGNORE INTO `instore_ai_devices`.`installation_details` (`device_id`, `org_id`, `store_id`, `engagement_type`, `date_dispatched`, `date_installed`, `date_callback`, `device_name`,`store_name`, `is_active`, `dispatch_type`) VALUES(202481598034692,'150698','200080677','rollout','2018-09-19','2018-10-12',NULL,'MothercareCPM_Main_Entrance_2','Central Park MC',1,'courier');
INSERT IGNORE INTO `instore_ai_devices`.`installation_details` (`device_id`, `org_id`, `store_id`, `engagement_type`, `date_dispatched`, `date_installed`, `date_callback`, `device_name`,`store_name`, `is_active`, `dispatch_type`) VALUES(202481591691451,'150698','200080732','rollout','2018-09-19','2018-10-12',NULL,'MothercarePHM_Main_Entrance_1','Paskal Hyper Square',1,'courier');
INSERT IGNORE INTO `instore_ai_devices`.`installation_details` (`device_id`, `org_id`, `store_id`, `engagement_type`, `date_dispatched`, `date_installed`, `date_callback`, `device_name`,`store_name`, `is_active`, `dispatch_type`) VALUES(202481598513110,'150698','200080732','rollout','2018-09-19','2018-10-12',NULL,'MothercarePHM_Main_Entrance_2','Paskal Hyper Square',1,'courier');
INSERT IGNORE INTO `instore_ai_devices`.`installation_details` (`device_id`, `org_id`, `store_id`, `engagement_type`, `date_dispatched`, `date_installed`, `date_callback`, `device_name`,`store_name`, `is_active`, `dispatch_type`) VALUES(202481599203755,'150698','200106149','rollout','2018-04-25','2018-10-13',NULL,'WILIOSCO_Main_Entrance_1','Senayan City Wilio',1,'courier');
INSERT IGNORE INTO `instore_ai_devices`.`installation_details` (`device_id`, `org_id`, `store_id`, `engagement_type`, `date_dispatched`, `date_installed`, `date_callback`, `device_name`,`store_name`, `is_active`, `dispatch_type`) VALUES(202481597229456,'150698','200106149','rollout','2018-08-10','2018-10-13',NULL,'WILIOSCO_Main_Entrance_2','Senayan City Wilio',1,'courier');
INSERT IGNORE INTO `instore_ai_devices`.`installation_details` (`device_id`, `org_id`, `store_id`, `engagement_type`, `date_dispatched`, `date_installed`, `date_callback`, `device_name`,`store_name`, `is_active`, `dispatch_type`) VALUES(202481589189718,'150698','200108393','rollout','2018-08-10','2018-10-13',NULL,'SenayanCitySCV_Main_Entrance_1','Senayan City SCV',1,'courier');
INSERT IGNORE INTO `instore_ai_devices`.`installation_details` (`device_id`, `org_id`, `store_id`, `engagement_type`, `date_dispatched`, `date_installed`, `date_callback`, `device_name`,`store_name`, `is_active`, `dispatch_type`) VALUES(202481602021654,'150698','200080659','rollout','2018-09-19','2018-10-13',NULL,'GingersnapsGLG_Main_Entrance_1','Galaxy Surabaya GS',1,'courier');
INSERT IGNORE INTO `instore_ai_devices`.`installation_details` (`device_id`, `org_id`, `store_id`, `engagement_type`, `date_dispatched`, `date_installed`, `date_callback`, `device_name`,`store_name`, `is_active`, `dispatch_type`) VALUES(202481602227034,'150698','200080618','rollout','2018-04-25','2018-10-14',NULL,'WILIOPLO_Main_Entrance_1','Plaza Indonesia Wilio',1,'courier');
INSERT IGNORE INTO `instore_ai_devices`.`installation_details` (`device_id`, `org_id`, `store_id`, `engagement_type`, `date_dispatched`, `date_installed`, `date_callback`, `device_name`,`store_name`, `is_active`, `dispatch_type`) VALUES(202481590404754,'150698','200080618','rollout','2018-08-10','2018-10-14',NULL,'WILIOPLO_Main_Entrance_2','Plaza Indonesia Wilio',1,'courier');
INSERT IGNORE INTO `instore_ai_devices`.`installation_details` (`device_id`, `org_id`, `store_id`, `engagement_type`, `date_dispatched`, `date_installed`, `date_callback`, `device_name`,`store_name`, `is_active`, `dispatch_type`) VALUES(202481598637375,'150698','200080680','rollout','2018-09-19','2018-10-14',NULL,'MothercareKKM_Main_Entrance_1','Kota Kasablanka MC',1,'courier');
INSERT IGNORE INTO `instore_ai_devices`.`installation_details` (`device_id`, `org_id`, `store_id`, `engagement_type`, `date_dispatched`, `date_installed`, `date_callback`, `device_name`,`store_name`, `is_active`, `dispatch_type`) VALUES(202481602636120,'150698','200080742','rollout','2018-09-19','2018-10-14',NULL,'MothercareTMM_Main_Entrance_1','Tunjungan Plaza 5 Mothercare',1,'courier');
INSERT IGNORE INTO `instore_ai_devices`.`installation_details` (`device_id`, `org_id`, `store_id`, `engagement_type`, `date_dispatched`, `date_installed`, `date_callback`, `device_name`,`store_name`, `is_active`, `dispatch_type`) VALUES(202481599230998,'150698','200080743','rollout','2018-09-19','2018-10-14',NULL,'ELCTME_Main_Entrance_1','Tunjungan Plaza 5 ELC',1,'courier');
INSERT IGNORE INTO `instore_ai_devices`.`installation_details` (`device_id`, `org_id`, `store_id`, `engagement_type`, `date_dispatched`, `date_installed`, `date_callback`, `device_name`,`store_name`, `is_active`, `dispatch_type`) VALUES(202481589577463,'150698','200086935','rollout','2018-09-19','2018-10-14',NULL,'HAVAIANASTPV_Main_Entrance_1','Havaianas tpv',1,'courier');
INSERT IGNORE INTO `instore_ai_devices`.`installation_details` (`device_id`, `org_id`, `store_id`, `engagement_type`, `date_dispatched`, `date_installed`, `date_callback`, `device_name`,`store_name`, `is_active`, `dispatch_type`) VALUES(202481600524127,'150698','200080654','rollout','2018-09-28','2018-10-14',NULL,'GingersnapsTPG_Main_Entrance_1','Tunjungan Plaza GS',1,'courier');
INSERT IGNORE INTO `instore_ai_devices`.`installation_details` (`device_id`, `org_id`, `store_id`, `engagement_type`, `date_dispatched`, `date_installed`, `date_callback`, `device_name`,`store_name`, `is_active`, `dispatch_type`) VALUES(202481599268024,'150698','200080623','rollout','2018-09-19','2018-10-11',NULL,'MothercareSPM_Main_Entrance_1','Supermall Pakuwon Surabaya MC',1,'courier');
INSERT IGNORE INTO `instore_ai_devices`.`installation_details` (`device_id`, `org_id`, `store_id`, `engagement_type`, `date_dispatched`, `date_installed`, `date_callback`, `device_name`,`store_name`, `is_active`, `dispatch_type`) VALUES(202481594677733,'150698','200080624','rollout','2018-09-19','2018-10-11',NULL,'HAVAIANASSPV_Main_Entrance_2','Havaianas Pakuwon Mall',1,'courier');
INSERT IGNORE INTO `instore_ai_devices`.`installation_details` (`device_id`, `org_id`, `store_id`, `engagement_type`, `date_dispatched`, `date_installed`, `date_callback`, `device_name`,`store_name`, `is_active`, `dispatch_type`) VALUES(202481591775681,'150698','200080624','rollout','2018-09-28','2018-10-11',NULL,'HAVAIANASSPV_Main_Entrance_1','Havaianas Pakuwon Mall',1,'courier');
INSERT IGNORE INTO `instore_ai_devices`.`installation_details` (`device_id`, `org_id`, `store_id`, `engagement_type`, `date_dispatched`, `date_installed`, `date_callback`, `device_name`,`store_name`, `is_active`, `dispatch_type`) VALUES(202481599026961,'150698','200080750','rollout','2018-09-19','2018-10-11',NULL,'GingersnapsSPG_Main_Entrance_1','Supermall Pakuwon Subabaya GS',1,'courier');
INSERT IGNORE INTO `instore_ai_devices`.`installation_details` (`device_id`, `org_id`, `store_id`, `engagement_type`, `date_dispatched`, `date_installed`, `date_callback`, `device_name`,`store_name`, `is_active`, `dispatch_type`) VALUES(202481590583567,'150698','200080629','rollout','2018-08-10','2018-10-12',NULL,'WILIOTPO_Main_Entrance_2','Tunjungan Plaza Wilio',1,'courier');
INSERT IGNORE INTO `instore_ai_devices`.`installation_details` (`device_id`, `org_id`, `store_id`, `engagement_type`, `date_dispatched`, `date_installed`, `date_callback`, `device_name`,`store_name`, `is_active`, `dispatch_type`) VALUES(202481599057206,'150698','200080629','rollout','2018-08-10','2018-10-12',NULL,'WILIOTPO_Main_Entrance_1','Tunjungan Plaza Wilio',1,'courier');
INSERT IGNORE INTO `instore_ai_devices`.`installation_details` (`device_id`, `org_id`, `store_id`, `engagement_type`, `date_dispatched`, `date_installed`, `date_callback`, `device_name`,`store_name`, `is_active`, `dispatch_type`) VALUES(202481598838237,'150698','200080763','rollout','2018-09-19','2018-10-15',NULL,'MothercareCMM_Main_Entrance_1','Centre Point MC',1,'courier');
INSERT IGNORE INTO `instore_ai_devices`.`installation_details` (`device_id`, `org_id`, `store_id`, `engagement_type`, `date_dispatched`, `date_installed`, `date_callback`, `device_name`,`store_name`, `is_active`, `dispatch_type`) VALUES(202481593239859,'150698','200080662','rollout','2018-09-19','2018-10-16',NULL,'ELCBXE_Main_Entrance_1','Bintaro Xchange ELC',1,'courier');
INSERT IGNORE INTO `instore_ai_devices`.`installation_details` (`device_id`, `org_id`, `store_id`, `engagement_type`, `date_dispatched`, `date_installed`, `date_callback`, `device_name`,`store_name`, `is_active`, `dispatch_type`) VALUES(202481599840297,'150698','200080663','rollout','2018-09-19','2018-10-16',NULL,'MothercareBXM_Main_Entrance_1','Bintaro Exchange MC',1,'courier');
INSERT IGNORE INTO `instore_ai_devices`.`installation_details` (`device_id`, `org_id`, `store_id`, `engagement_type`, `date_dispatched`, `date_installed`, `date_callback`, `device_name`,`store_name`, `is_active`, `dispatch_type`) VALUES(202481587568737,'150698','200080664','rollout','2018-09-19','2018-10-16',NULL,'GingersnapsBXG_Main_Entrance_1','Bintaro Xchange GS',1,'courier');
INSERT IGNORE INTO `instore_ai_devices`.`installation_details` (`device_id`, `org_id`, `store_id`, `engagement_type`, `date_dispatched`, `date_installed`, `date_callback`, `device_name`,`store_name`, `is_active`, `dispatch_type`) VALUES(202481601536655,'150698','200080766','rollout','2018-09-19','2018-10-17',NULL,'MothercareSUM_Main_Entrance_1','Sun Plaza Medan',1,'courier');
INSERT IGNORE INTO `instore_ai_devices`.`installation_details` (`device_id`, `org_id`, `store_id`, `engagement_type`, `date_dispatched`, `date_installed`, `date_callback`, `device_name`,`store_name`, `is_active`, `dispatch_type`) VALUES(202481595119898,'150698','200080765','rollout','2018-09-19','2018-10-17',NULL,'GingersnapsSUG_Main_Entrance_1','Sun Plaza GS',1,'courier');
INSERT IGNORE INTO `instore_ai_devices`.`installation_details` (`device_id`, `org_id`, `store_id`, `engagement_type`, `date_dispatched`, `date_installed`, `date_callback`, `device_name`,`store_name`, `is_active`, `dispatch_type`) VALUES(202481595265270,'150698','200108395','rollout','2018-08-10','2018-10-18',NULL,'GandariaCityGAV_Main_Entrance_1','Gandaria City GAV',1,'courier');
INSERT IGNORE INTO `instore_ai_devices`.`installation_details` (`device_id`, `org_id`, `store_id`, `engagement_type`, `date_dispatched`, `date_installed`, `date_callback`, `device_name`,`store_name`, `is_active`, `dispatch_type`) VALUES(202481594810361,'150698','200108395','rollout','2018-09-10','2018-10-18',NULL,'GandariaCityGAV_Main_Entrance_2','Gandaria City GAV',1,'courier');
INSERT IGNORE INTO `instore_ai_devices`.`installation_details` (`device_id`, `org_id`, `store_id`, `engagement_type`, `date_dispatched`, `date_installed`, `date_callback`, `device_name`,`store_name`, `is_active`, `dispatch_type`) VALUES(202481602654914,'150698','200080713','rollout','2018-08-10','2018-10-18',NULL,'ELCSCE_Main_Entrance_1','Senayan City ELC',1,'courier');
INSERT IGNORE INTO `instore_ai_devices`.`installation_details` (`device_id`, `org_id`, `store_id`, `engagement_type`, `date_dispatched`, `date_installed`, `date_callback`, `device_name`,`store_name`, `is_active`, `dispatch_type`) VALUES(202481592694725,'150698','200080593','rollout','2018-09-28','2018-10-20',NULL,'HAVAIANAS9SS_Main_Entrance_1','Sunset Road Bali',1,'courier');
INSERT IGNORE INTO `instore_ai_devices`.`installation_details` (`device_id`, `org_id`, `store_id`, `engagement_type`, `date_dispatched`, `date_installed`, `date_callback`, `device_name`,`store_name`, `is_active`, `dispatch_type`) VALUES(202481600078659,'150698','200080660','rollout','2018-09-19','2018-10-19',NULL,'MothercareBDM_Main_Entrance_1','Bali Discovery Mall',1,'courier');
INSERT IGNORE INTO `instore_ai_devices`.`installation_details` (`device_id`, `org_id`, `store_id`, `engagement_type`, `date_dispatched`, `date_installed`, `date_callback`, `device_name`,`store_name`, `is_active`, `dispatch_type`) VALUES(202481587084920,'150698','200080753','rollout','2018-09-28','2018-10-21',NULL,'MothercareBBM_Main_Entrance_1','Bali Beach Walk MC',1,'courier');
INSERT IGNORE INTO `instore_ai_devices`.`installation_details` (`device_id`, `org_id`, `store_id`, `engagement_type`, `date_dispatched`, `date_installed`, `date_callback`, `device_name`,`store_name`, `is_active`, `dispatch_type`) VALUES(202481590205806,'150698','200080754','rollout','2018-09-19','2018-10-21',NULL,'ELCBBE_Main_Entrance_1','Bali Beach ELC',1,'courier');
INSERT IGNORE INTO `instore_ai_devices`.`installation_details` (`device_id`, `org_id`, `store_id`, `engagement_type`, `date_dispatched`, `date_installed`, `date_callback`, `device_name`,`store_name`, `is_active`, `dispatch_type`) VALUES(202481600449103,'150698','200080594','rollout','2018-09-19','2018-10-22',NULL,'HAVAIANASBBV_Main_Entrance_1','Bali Beach Walk',1,'courier');
INSERT IGNORE INTO `instore_ai_devices`.`installation_details` (`device_id`, `org_id`, `store_id`, `engagement_type`, `date_dispatched`, `date_installed`, `date_callback`, `device_name`,`store_name`, `is_active`, `dispatch_type`) VALUES(202481590610223,'150698','200080755','rollout','2018-09-28','2018-10-22',NULL,'GingersnapsBBG_Main_Entrance_1','Bali Beach GS',1,'courier');
INSERT IGNORE INTO `instore_ai_devices`.`installation_details` (`device_id`, `org_id`, `store_id`, `engagement_type`, `date_dispatched`, `date_installed`, `date_callback`, `device_name`,`store_name`, `is_active`, `dispatch_type`) VALUES(202481596470820,'150698','200080661','rollout','2018-09-19','2018-10-23',NULL,'MothercareRIM_Main_Entrance_1','Ratu Indah Mall Makassar',1,'courier');
INSERT IGNORE INTO `instore_ai_devices`.`installation_details` (`device_id`, `org_id`, `store_id`, `engagement_type`, `date_dispatched`, `date_installed`, `date_callback`, `device_name`,`store_name`, `is_active`, `dispatch_type`) VALUES(202481589002827,'150698','200080661','rollout','2018-09-10','2018-10-23',NULL,'MothercareRIM_Main_Entrance_2','Ratu Indah Mall Makassar',1,'courier');
INSERT IGNORE INTO `instore_ai_devices`.`installation_details` (`device_id`, `org_id`, `store_id`, `engagement_type`, `date_dispatched`, `date_installed`, `date_callback`, `device_name`,`store_name`, `is_active`, `dispatch_type`) VALUES(202481598814694,'150083','200060571','rollout','2018-10-16','2018-10-23',NULL,'F64_Main_Entrance_1','WS_PAP_CONVERSE _THANE_ VIVA CITY',1,'courier');
INSERT IGNORE INTO `instore_ai_devices`.`installation_details` (`device_id`, `org_id`, `store_id`, `engagement_type`, `date_dispatched`, `date_installed`, `date_callback`, `device_name`,`store_name`, `is_active`, `dispatch_type`) VALUES(202481588815963,'150083','200016436','rollout','2018-10-16','2018-10-23',NULL,'C43_Main_Entrance_1','7604 ILCL MUMBAI GHATKOPAR RUNMALL',1,'courier');
INSERT IGNORE INTO `instore_ai_devices`.`installation_details` (`device_id`, `org_id`, `store_id`, `engagement_type`, `date_dispatched`, `date_installed`, `date_callback`, `device_name`,`store_name`, `is_active`, `dispatch_type`) VALUES(202481602426122,'150698','200080757','rollout','2018-09-19','2018-10-24',NULL,'MothercareTSM_Main_Entrance_1','Trans Studio Mall',1,'courier');
INSERT IGNORE INTO `instore_ai_devices`.`installation_details` (`device_id`, `org_id`, `store_id`, `engagement_type`, `date_dispatched`, `date_installed`, `date_callback`, `device_name`,`store_name`, `is_active`, `dispatch_type`) VALUES(202481599579980,'150698','200080756','rollout','2018-09-19','2018-10-24',NULL,'ELCTSE_Main_Entrance_1','Trans Studio Makasar',1,'courier');
INSERT IGNORE INTO `instore_ai_devices`.`installation_details` (`device_id`, `org_id`, `store_id`, `engagement_type`, `date_dispatched`, `date_installed`, `date_callback`, `device_name`,`store_name`, `is_active`, `dispatch_type`) VALUES(202481595721155,'150083','200060162','rollout','2018-10-16','2018-10-23',NULL,'F59_Main_Entrance_1','WS_DSC_CONVERSE_NEW DELHI_SAROJINI NAGAR',1,'courier');
COMMIT;
